{
  "data": [
    {
      "name": "base",
      "file": "./assets/images/monika/clothes/[name]/body.png",
      "position": {
        "x": 240,
        "y": 154,
        "z": 0
      }
    },
    {
      "name": "base2",
      "file": "./assets/images/monika/clothes/[name]/body-lean.png",
      "position": {
        "x": 240,
        "y": 154,
        "z": 0
      }
    },
    {
      "name": "crossed",
      "file": "./assets/images/monika/clothes/[name]/crossed.png",
      "position": {
        "x": 240,
        "y": 154,
        "z": 1
      }
    },
    {
      "name": "down",
      "file": "./assets/images/monika/clothes/[name]/down.png",
      "position": {
        "x": 240,
        "y": 154,
        "z": 1
      }
    },
    {
      "name": "lean",
      "file": "./assets/images/monika/clothes/[name]/lean.png",
      "position": {
        "x": 240,
        "y": 154,
        "z": 1
      }
    },
    {
      "name": "point",
      "file": "./assets/images/monika/clothes/[name]/point.png",
      "position": {
        "x": 240,
        "y": 154,
        "z": 1
      }
    },
    {
      "name": "rest",
      "file": "./assets/images/monika/clothes/[name]/rest.png",
      "position": {
        "x": 240,
        "y": 154,
        "z": 1
      }
    },
    {
      "name": "steepling",
      "file": "./assets/images/monika/clothes/[name]/steepling.png",
      "position": {
        "x": 240,
        "y": 154,
        "z": 1
      }
    }
  ]
}