{
  "eyes": [
    {
      "name": "normal",
      "file1": "./assets/images/monika/face/default/eyes/normal.png",
      "file2": "./assets/images/monika/face/lean/eyes/normal.png",
      "position": {
        "x": 240,
        "y": 124,
        "z": 1
      }
    },
    {
      "name": "closed-sad",
      "file1": "./assets/images/monika/face/default/eyes/closed-sad.png",
      "file2": "./assets/images/monika/face/lean/eyes/closed-sad.png",
      "position": {
        "x": 240,
        "y": 124,
        "z": 1
      }
    },
    {
      "name": "closed-happy",
      "file1": "./assets/images/monika/face/default/eyes/closed-happy.png",
      "file2": "./assets/images/monika/face/lean/eyes/closed-happy.png",
      "position": {
        "x": 240,
        "y": 124,
        "z": 1
      }
    },
    {
      "name": "crazy",
      "file1": "./assets/images/monika/face/default/eyes/crazy.png",
      "file2": "./assets/images/monika/face/lean/eyes/crazy.png",
      "position": {
        "x": 240,
        "y": 124,
        "z": 1
      }
    },
    {
      "name": "left",
      "file1": "./assets/images/monika/face/default/eyes/left.png",
      "file2": "./assets/images/monika/face/lean/eyes/left.png",
      "position": {
        "x": 240,
        "y": 124,
        "z": 1
      }
    },
    {
      "name": "right",
      "file1": "./assets/images/monika/face/default/eyes/right.png",
      "file2": "./assets/images/monika/face/lean/eyes/right.png",
      "position": {
        "x": 240,
        "y": 124,
        "z": 1
      }
    },
    {
      "name": "smug",
      "file1": "./assets/images/monika/face/default/eyes/smug.png",
      "file2": "./assets/images/monika/face/lean/eyes/smug.png",
      "position": {
        "x": 240,
        "y": 124,
        "z": 1
      }
    },
    {
      "name": "soft",
      "file1": "./assets/images/monika/face/default/eyes/soft.png",
      "file2": "./assets/images/monika/face/lean/eyes/soft.png",
      "position": {
        "x": 240,
        "y": 124,
        "z": 1
      }
    },
    {
      "name": "sparkle",
      "file1": "./assets/images/monika/face/default/eyes/sparkle.png",
      "file2": "./assets/images/monika/face/lean/eyes/sparkle.png",
      "position": {
        "x": 240,
        "y": 124,
        "z": 1
      }
    },
    {
      "name": "wide",
      "file1": "./assets/images/monika/face/default/eyes/wide.png",
      "file2": "./assets/images/monika/face/lean/eyes/wide.png",
      "position": {
        "x": 240,
        "y": 124,
        "z": 1
      }
    },
    {
      "name": "wink-left",
      "file1": "./assets/images/monika/face/default/eyes/wink-left.png",
      "file2": "./assets/images/monika/face/lean/eyes/wink-left.png",
      "position": {
        "x": 240,
        "y": 124,
        "z": 1
      }
    },
    {
      "name": "wink-right",
      "file1": "./assets/images/monika/face/default/eyes/wink-right.png",
      "file2": "./assets/images/monika/face/lean/eyes/wink-right.png",
      "position": {
        "x": 240,
        "y": 124,
        "z": 1
      }
    }
  ],
  "eyebrows": [
    {
      "name": "mid",
      "file1": "./assets/images/monika/face/default/eyebrows/mid.png",
      "file2": "./assets/images/monika/face/lean/eyebrows/mid.png",
      "position": {
        "x": 240,
        "y": 124,
        "z": 1
      }
    },
    {
      "name": "furrowed",
      "file1": "./assets/images/monika/face/default/eyebrows/furrowed.png",
      "file2": "./assets/images/monika/face/lean/eyebrows/furrowed.png",
      "position": {
        "x": 240,
        "y": 124,
        "z": 1
      }
    },

    {
      "name": "knit",
      "file1": "./assets/images/monika/face/default/eyebrows/knit.png",
      "file2": "./assets/images/monika/face/lean/eyebrows/knit.png",
      "position": {
        "x": 240,
        "y": 124,
        "z": 1
      }
    },

    {
      "name": "think",
      "file1": "./assets/images/monika/face/default/eyebrows/think.png",
      "file2": "./assets/images/monika/face/lean/eyebrows/think.png",
      "position": {
        "x": 240,
        "y": 124,
        "z": 1
      }
    },

    {
      "name": "up",
      "file1": "./assets/images/monika/face/default/eyebrows/up.png",
      "file2": "./assets/images/monika/face/lean/eyebrows/up.png",
      "position": {
        "x": 240,
        "y": 124,
        "z": 1
      }
    }
  ],

  "mouths": [
    {
      "name": "smile",
      "file1": "./assets/images/monika/face/default/mouth/smile.png",
      "file2": "./assets/images/monika/face/lean/mouth/smile.png",
      "position": {
        "x": 240,
        "y": 124,
        "z": 1
      }
    },
    {
      "name": "angry",
      "file1": "./assets/images/monika/face/default/mouth/angry.png",
      "file2": "./assets/images/monika/face/lean/mouth/angry.png",
      "position": {
        "x": 240,
        "y": 124,
        "z": 1
      }
    },
    {
      "name": "big",
      "file1": "./assets/images/monika/face/default/mouth/big.png",
      "file2": "./assets/images/monika/face/lean/mouth/big.png",
      "position": {
        "x": 240,
        "y": 124,
        "z": 1
      }
    },
    {
      "name": "gasp",
      "file1": "./assets/images/monika/face/default/mouth/angry.png",
      "file2": "./assets/images/monika/face/lean/mouth/angry.png",
      "position": {
        "x": 240,
        "y": 124,
        "z": 1
      }
    },
    {
      "name": "pout",
      "file1": "./assets/images/monika/face/default/mouth/pout.png",
      "file2": "./assets/images/monika/face/lean/mouth/pout.png",
      "position": {
        "x": 240,
        "y": 124,
        "z": 1
      }
    },
    {
      "name": "small",
      "file1": "./assets/images/monika/face/default/mouth/small.png",
      "file2": "./assets/images/monika/face/lean/mouth/small.png",
      "position": {
        "x": 240,
        "y": 124,
        "z": 1
      }
    },
    {
      "name": "smirk",
      "file1": "./assets/images/monika/face/default/mouth/smirk.png",
      "file2": "./assets/images/monika/face/lean/mouth/smirk.png",
      "position": {
        "x": 240,
        "y": 124,
        "z": 1
      }
    },
    {
      "name": "smug",
      "file1": "./assets/images/monika/face/default/mouth/smug.png",
      "file2": "./assets/images/monika/face/lean/mouth/smug.png",
      "position": {
        "x": 240,
        "y": 124,
        "z": 1
      }
    },
    {
      "name": "triangle",
      "file1": "./assets/images/monika/face/default/mouth/triangle.png",
      "file2": "./assets/images/monika/face/lean/mouth/triangle.png",
      "position": {
        "x": 240,
        "y": 124,
        "z": 1
      }
    },
    {
      "name": "wide",
      "file1": "./assets/images/monika/face/default/mouth/wide.png",
      "file2": "./assets/images/monika/face/lean/mouth/wide.png",
      "position": {
        "x": 240,
        "y": 124,
        "z": 1
      }
    }
  ],

  "blushes": [
    {
      "name": "full",
      "file1": "./assets/images/monika/face/default/blush/full.png",
      "file2": "./assets/images/monika/face/lean/blush/full.png",
      "position": {
        "x": 240,
        "y": 124,
        "z": 1
      }
    },
    {
      "name": "lines",
      "file1": "./assets/images/monika/face/default/blush/lines.png",
      "file2": "./assets/images/monika/face/lean/blush/lines.png",
      "position": {
        "x": 240,
        "y": 124,
        "z": 1
      }
    },
    {
      "name": "shade",
      "file1": "./assets/images/monika/face/default/blush/shade.png",
      "file2": "./assets/images/monika/face/lean/blush/shade.png",
      "position": {
        "x": 240,
        "y": 124,
        "z": 1
      }
    }
  ],

  "tears": [
    {
      "name": "dried",
      "file1": "./assets/images/monika/face/default/tears/dried.png",
      "file2": "./assets/images/monika/face/lean/tears/dried.png",
      "position": {
        "x": 240,
        "y": 124,
        "z": 1
      }
    },
    {
      "name": "pooled",
      "file1": "./assets/images/monika/face/default/tears/pooled.png",
      "file2": "./assets/images/monika/face/lean/tears/pooled.png",
      "position": {
        "x": 240,
        "y": 124,
        "z": 1
      }
    },
    {
      "name": "pooled-closed-happy",
      "file1": "./assets/images/monika/face/default/tears/pooled-closed-happy.png",
      "file2": "./assets/images/monika/face/lean/tears/pooled-closed-happy.png",
      "position": {
        "x": 240,
        "y": 124,
        "z": 1
      }
    },
    {
      "name": "streaming",
      "file1": "./assets/images/monika/face/default/tears/streaming.png",
      "file2": "./assets/images/monika/face/lean/tears/streaming.png",
      "position": {
        "x": 240,
        "y": 124,
        "z": 1
      }
    },
    {
      "name": "streaming-closed-happy",
      "file1": "./assets/images/monika/face/default/tears/streaming-closed-happy.png",
      "file2": "./assets/images/monika/face/lean/tears/streaming-closed-happy.png",
      "position": {
        "x": 240,
        "y": 124,
        "z": 1
      }
    },
    {
      "name": "streaming-closed-sad",
      "file1": "./assets/images/monika/face/default/tears/streaming-closed-sad.png",
      "file2": "./assets/images/monika/face/lean/tears/streaming-closed-sad.png",
      "position": {
        "x": 240,
        "y": 124,
        "z": 1
      }
    },
    {
      "name": "streaming-wink-left",
      "file1": "./assets/images/monika/face/default/tears/streaming-wink-left.png",
      "file2": "./assets/images/monika/face/lean/tears/streaming-wink-left.png",
      "position": {
        "x": 240,
        "y": 124,
        "z": 1
      }
    },
    {
      "name": "streaming-wink-right",
      "file1": "./assets/images/monika/face/default/tears/streaming-wink-right.png",
      "file2": "./assets/images/monika/face/lean/tears/streaming-wink-right.png",
      "position": {
        "x": 240,
        "y": 124,
        "z": 1
      }
    },
    {
      "name": "up",
      "file1": "./assets/images/monika/face/default/tears/up.png",
      "file2": "./assets/images/monika/face/lean/tears/up.png",
      "position": {
        "x": 240,
        "y": 124,
        "z": 1
      }
    },
    {
      "name": "up-closed-happy",
      "file1": "./assets/images/monika/face/default/tears/up-closed-happy.png",
      "file2": "./assets/images/monika/face/lean/tears/up-closed-happy.png",
      "position": {
        "x": 240,
        "y": 124,
        "z": 1
      }
    },
    {
      "name": "up-closed-sad",
      "file1": "./assets/images/monika/face/default/tears/up-closed-sad.png",
      "file2": "./assets/images/monika/face/lean/tears/up-closed-sad.png",
      "position": {
        "x": 240,
        "y": 124,
        "z": 1
      }
    },
    {
      "name": "up-wink-left",
      "file1": "./assets/images/monika/face/default/tears/up-wink-left.png",
      "file2": "./assets/images/monika/face/lean/tears/up-wink-left.png",
      "position": {
        "x": 240,
        "y": 124,
        "z": 1
      }
    },
    {
      "name": "up-wink-right",
      "file1": "./assets/images/monika/face/default/tears/up-wink-right.png",
      "file2": "./assets/images/monika/face/lean/tears/up-wink-right.png",
      "position": {
        "x": 240,
        "y": 124,
        "z": 1
      }
    }
  ]
}